month,month_name,financial_year,invoice_count,customer_count,article_count,line_items,total_quantity,total_sales_value
2023-06,Jun 2023,2023-24,304,81,478,883,8823.00,43829422.65
2023-07,Jul 2023,2023-24,381,86,563,1012,9479.00,50568831.92
2023-08,Aug 2023,2023-24,340,87,496,964,7975.00,52691549.22
2023-09,Sep 2023,2023-24,305,80,438,765,9372.00,47370023.45
2023-10,Oct 2023,2023-24,309,87,483,830,6581.00,42355045.75
2023-11,Nov 2023,2023-24,345,80,503,876,6648.00,47908938.03
2023-12,Dec 2023,2023-24,405,76,539,943,7447.00,53787303.74
2024-01,Jan 2024,2023-24,404,93,561,1059,10431.00,49642856.81
2024-02,Feb 2024,2023-24,441,94,672,1110,10148.00,59560855.61
2024-03,Mar 2024,2023-24,434,95,616,1103,11018.00,65848567.59
2024-04,Apr 2024,2024-25,286,100,451,767,5102.00,40757530.02
2024-05,May 2024,2024-25,406,97,521,882,7308.00,43449480.16
2024-06,Jun 2024,2024-25,407,96,526,896,6793.00,50847591.07
2024-07,Jul 2024,2024-25,486,88,591,1048,10628.00,62842074.66
2024-08,Aug 2024,2024-25,468,81,521,968,9504.00,58099658.23
2024-09,Sep 2024,2024-25,419,85,494,878,7346.00,53886539.76
2024-10,Oct 2024,2024-25,491,80,498,946,7537.00,48587646.17
2024-11,Nov 2024,2024-25,478,89,551,1016,8123.00,56919394.40
2024-12,Dec 2024,2024-25,373,67,457,776,5813.00,40310087.50
2025-01,Jan 2025,2024-25,421,103,535,916,8948.00,52335068.87
2025-02,Feb 2025,2024-25,424,95,479,853,5971.00,55191960.94
2025-03,Mar 2025,2024-25,450,111,562,964,9382.00,67794339.62
2025-04,Apr 2025,2025-26,320,85,405,669,5451.00,36547066.63
2025-05,May 2025,2025-26,472,100,500,906,9263.00,61918306.99
2025-06,Jun 2025,2025-26,457,93,475,860,7461.00,51483766.04
2025-07,Jul 2025,2025-26,513,96,484,940,7555.00,55624416.80
2025-08,Aug 2025,2025-26,492,87,520,956,9060.00,51057957.32
2025-09,Sep 2025,2025-26,509,88,439,883,6575.00,51660588.33
2025-10,Oct 2025,2025-26,475,84,492,854,7749.00,61853016.14
2025-11,Nov 2025,2025-26,477,92,464,877,7121.00,56447097.04
2025-12,Dec 2025,2025-26,576,94,588,1106,8303.00,60485460.15
2026-01,Jan 2026,2025-26,554,110,590,1132,8776.00,55047188.32
2026-02,Feb 2026,2025-26,475,95,496,889,8701.00,55794524.09
2026-03,Mar 2026,2025-26,525,112,561,1095,9568.00,64096007.71
2026-04,Apr 2026,2026-27,450,83,367,677,5003.00,37155041.47
2026-05,May 2026,2026-27,491,95,495,972,9821.00,54709910.89
2026-06,Jun 2026,2026-27,428,100,502,814,6728.00,49776328.34
2026-07,Jul 2026,2026-27,615,88,510,1033,10755.00,69913698.19
2026-08,Aug 2026,2026-27,466,87,425,766,8071.00,50649317.13
2026-09,Sep 2026,2026-27,482,98,559,991,10596.00,66961844.86
