production_id,date,plant_location,product_id,product_name,category,units_manufactured,machine_id,downtime_hours,defect_count,manufacturing_cost,shift,efficiency_pct,date_year,date_month,date_day_of_week,units_manufactured_group,manufacturing_cost_group,efficiency_pct_group
PRD-1000,2026-01-01,Detroit Advanced Plant,PRD-102,Electric Powertrain Inverter,Automotive,41,EDM-Wire-06,1.0,0,7264.87,Night,97.2,2026,2026-01,Thursday,Low,Low,Medium-High
PRD-1001,2026-01-01,Detroit Advanced Plant,PRD-102,Electric Powertrain Inverter,Automotive,186,Laser-Sinter-05,6.6,11,33549.6,Morning,76.8,2026,2026-01,Thursday,Medium-High,Medium-High,Low
PRD-1002,2026-01-02,Stuttgart Facility,PRD-107,High-Pressure Valve Assembly,Industrial,91,EDM-Wire-06,2.9,1,7603.04,Evening,91.0,2026,2026-01,Friday,Low,Low,Low
PRD-1003,2026-01-02,Austin GigaWorks,PRD-105,Micro-Optical LiDAR Sensor,Automotive,74,CNC-Mill-01,0.0,3,6771.91,Evening,96.8,2026,2026-01,Friday,Low,Low,Medium-High
PRD-1004,2026-01-03,Austin GigaWorks,PRD-105,Micro-Optical LiDAR Sensor,Automotive,241,CNC-Mill-01,0.0,7,22121.78,Night,97.7,2026,2026-01,Saturday,High,Medium-Low,High
PRD-1005,2026-01-03,Nagoya Precision Hub,PRD-106,High-Torque Planetary Gear,Robotics,182,CNC-Mill-01,0.0,2,26396.37,Morning,99.1,2026,2026-01,Saturday,Medium-High,Medium-High,High
PRD-1006,2026-01-04,Nagoya Precision Hub,PRD-107,High-Pressure Valve Assembly,Industrial,106,CNC-Mill-02,2.0,5,7960.6,Night,90.6,2026,2026-01,Sunday,Medium-Low,Low,Low
PRD-1007,2026-01-04,Austin GigaWorks,PRD-102,Electric Powertrain Inverter,Automotive,190,Robotic-Welder-04,0.4,6,33626.43,Evening,96.4,2026,2026-01,Sunday,Medium-High,Medium-High,Medium-High
PRD-1008,2026-01-05,Detroit Advanced Plant,PRD-104,Carbon Composite Strut,Aerospace,210,5-Axis-Lathe-03,0.4,9,62366.4,Evening,95.5,2026,2026-01,Monday,Medium-High,High,Medium-Low
PRD-1009,2026-01-05,Stuttgart Facility,PRD-102,Electric Powertrain Inverter,Automotive,89,EDM-Wire-06,0.1,3,16726.13,Evening,97.0,2026,2026-01,Monday,Low,Medium-Low,Medium-High
PRD-1010,2026-01-06,Nagoya Precision Hub,PRD-108,Silicon Carbide Power Module,Industrial,71,EDM-Wire-06,0.0,1,18884.17,Night,98.9,2026,2026-01,Tuesday,Low,Medium-Low,High
PRD-1011,2026-01-06,Detroit Advanced Plant,PRD-107,High-Pressure Valve Assembly,Industrial,127,CNC-Mill-01,0.0,6,9679.67,Morning,96.2,2026,2026-01,Tuesday,Medium-Low,Low,Medium-High
PRD-1012,2026-01-07,Austin GigaWorks,PRD-103,Precision Hydraulic Actuator,Robotics,237,Laser-Sinter-05,4.4,8,52669.03,Evening,85.0,2026,2026-01,Wednesday,High,High,Low
PRD-1013,2026-01-07,Nagoya Precision Hub,PRD-101,Titanium Turbine Rotor,Aerospace,209,EDM-Wire-06,2.0,8,96152.77,Evening,91.3,2026,2026-01,Wednesday,Medium-High,High,Low
PRD-1014,2026-01-08,Nagoya Precision Hub,PRD-105,Micro-Optical LiDAR Sensor,Automotive,146,Laser-Sinter-05,0.0,1,14478.5,Morning,99.5,2026,2026-01,Thursday,Medium-Low,Low,High
PRD-1015,2026-01-08,Stuttgart Facility,PRD-102,Electric Powertrain Inverter,Automotive,257,CNC-Mill-02,2.7,12,47323.98,Evening,88.7,2026,2026-01,Thursday,High,High,Low
PRD-1016,2026-01-09,Nagoya Precision Hub,PRD-101,Titanium Turbine Rotor,Aerospace,188,CNC-Mill-02,0.0,1,90588.23,Morning,99.5,2026,2026-01,Friday,Medium-High,High,High
PRD-1017,2026-01-09,Stuttgart Facility,PRD-102,Electric Powertrain Inverter,Automotive,56,CNC-Mill-02,7.7,14,11781.55,Night,65.0,2026,2026-01,Friday,Low,Low,Low
PRD-1018,2026-01-10,Stuttgart Facility,PRD-103,Precision Hydraulic Actuator,Robotics,102,EDM-Wire-06,3.9,3,24599.24,Evening,86.7,2026,2026-01,Saturday,Low,Medium-High,Low
PRD-1019,2026-01-10,Detroit Advanced Plant,PRD-106,High-Torque Planetary Gear,Robotics,147,5-Axis-Lathe-03,0.5,4,20274.25,Morning,96.4,2026,2026-01,Saturday,Medium-Low,Medium-Low,Medium-High
PRD-1020,2026-01-11,Stuttgart Facility,PRD-104,Carbon Composite Strut,Aerospace,185,CNC-Mill-01,0.0,2,59187.69,Morning,99.1,2026,2026-01,Sunday,Medium-High,High,High
PRD-1021,2026-01-11,Stuttgart Facility,PRD-102,Electric Powertrain Inverter,Automotive,166,EDM-Wire-06,0.0,6,29218.18,Night,97.1,2026,2026-01,Sunday,Medium-High,Medium-High,Medium-High
PRD-1022,2026-01-12,Detroit Advanced Plant,PRD-108,Silicon Carbide Power Module,Industrial,97,EDM-Wire-06,0.4,4,24631.28,Evening,95.6,2026,2026-01,Monday,Low,Medium-High,Medium-Low
PRD-1023,2026-01-12,Detroit Advanced Plant,PRD-107,High-Pressure Valve Assembly,Industrial,140,CNC-Mill-01,0.4,5,10942.14,Evening,96.0,2026,2026-01,Monday,Medium-Low,Low,Medium-High
PRD-1024,2026-01-13,Austin GigaWorks,PRD-106,High-Torque Planetary Gear,Robotics,239,CNC-Mill-02,0.8,4,32710.37,Evening,96.4,2026,2026-01,Tuesday,High,Medium-High,Medium-High
PRD-1025,2026-01-13,Detroit Advanced Plant,PRD-105,Micro-Optical LiDAR Sensor,Automotive,153,CNC-Mill-01,0.0,7,14645.57,Night,96.3,2026,2026-01,Tuesday,Medium-Low,Medium-Low,Medium-High
PRD-1026,2026-01-14,Austin GigaWorks,PRD-101,Titanium Turbine Rotor,Aerospace,58,Robotic-Welder-04,1.6,2,25551.29,Morning,92.8,2026,2026-01,Wednesday,Low,Medium-High,Medium-Low
PRD-1027,2026-01-14,Austin GigaWorks,PRD-101,Titanium Turbine Rotor,Aerospace,77,5-Axis-Lathe-03,1.2,4,34256.11,Evening,92.5,2026,2026-01,Wednesday,Low,Medium-High,Medium-Low
PRD-1028,2026-01-15,Detroit Advanced Plant,PRD-108,Silicon Carbide Power Module,Industrial,74,EDM-Wire-06,0.0,1,18424.28,Evening,98.9,2026,2026-01,Thursday,Low,Medium-Low,High
PRD-1029,2026-01-15,Detroit Advanced Plant,PRD-101,Titanium Turbine Rotor,Aerospace,184,Laser-Sinter-05,0.8,9,84473.04,Morning,93.8,2026,2026-01,Thursday,Medium-High,High,Medium-Low
PRD-1030,2026-01-16,Stuttgart Facility,PRD-102,Electric Powertrain Inverter,Automotive,187,Laser-Sinter-05,0.0,9,33743.84,Night,96.1,2026,2026-01,Friday,Medium-High,Medium-High,Medium-High
PRD-1031,2026-01-16,Nagoya Precision Hub,PRD-102,Electric Powertrain Inverter,Automotive,142,CNC-Mill-02,2.1,4,25585.23,Night,91.9,2026,2026-01,Friday,Medium-Low,Medium-High,Medium-Low
PRD-1032,2026-01-17,Austin GigaWorks,PRD-106,High-Torque Planetary Gear,Robotics,96,5-Axis-Lathe-03,0.0,1,13895.82,Morning,99.2,2026,2026-01,Saturday,Low,Low,High
PRD-1033,2026-01-17,Stuttgart Facility,PRD-108,Silicon Carbide Power Module,Industrial,194,Laser-Sinter-05,0.3,10,48434.39,Evening,95.0,2026,2026-01,Saturday,Medium-High,High,Medium-Low
PRD-1034,2026-01-18,Austin GigaWorks,PRD-106,High-Torque Planetary Gear,Robotics,260,Laser-Sinter-05,0.0,5,35928.56,Night,98.5,2026,2026-01,Sunday,High,Medium-High,High
PRD-1035,2026-01-18,Stuttgart Facility,PRD-101,Titanium Turbine Rotor,Aerospace,205,5-Axis-Lathe-03,0.8,4,95689.19,Morning,96.2,2026,2026-01,Sunday,Medium-High,High,Medium-High
PRD-1036,2026-01-19,Nagoya Precision Hub,PRD-103,Precision Hydraulic Actuator,Robotics,104,Laser-Sinter-05,0.0,1,22755.86,Evening,99.2,2026,2026-01,Monday,Medium-Low,Medium-Low,High
PRD-1037,2026-01-19,Nagoya Precision Hub,PRD-101,Titanium Turbine Rotor,Aerospace,58,CNC-Mill-02,1.0,2,25064.59,Night,94.4,2026,2026-01,Monday,Low,Medium-High,Medium-Low
PRD-1038,2026-01-20,Detroit Advanced Plant,PRD-103,Precision Hydraulic Actuator,Robotics,224,CNC-Mill-01,1.3,9,50565.39,Night,93.1,2026,2026-01,Tuesday,High,High,Medium-Low
PRD-1039,2026-01-20,Detroit Advanced Plant,PRD-101,Titanium Turbine Rotor,Aerospace,248,5-Axis-Lathe-03,3.4,8,112663.35,Evening,87.9,2026,2026-01,Tuesday,High,High,Low
PRD-1040,2026-01-21,Austin GigaWorks,PRD-106,High-Torque Planetary Gear,Robotics,88,Laser-Sinter-05,0.5,3,12330.45,Night,95.9,2026,2026-01,Wednesday,Low,Low,Medium-High
PRD-1041,2026-01-21,Austin GigaWorks,PRD-104,Carbon Composite Strut,Aerospace,256,CNC-Mill-01,0.0,11,77218.61,Morning,96.6,2026,2026-01,Wednesday,High,High,Medium-High
PRD-1042,2026-01-22,Stuttgart Facility,PRD-106,High-Torque Planetary Gear,Robotics,235,5-Axis-Lathe-03,1.6,10,35142.6,Morning,92.1,2026,2026-01,Thursday,High,Medium-High,Medium-Low
PRD-1043,2026-01-22,Austin GigaWorks,PRD-102,Electric Powertrain Inverter,Automotive,132,5-Axis-Lathe-03,2.0,6,23499.05,Evening,90.8,2026,2026-01,Thursday,Medium-Low,Medium-Low,Low
PRD-1044,2026-01-23,Detroit Advanced Plant,PRD-104,Carbon Composite Strut,Aerospace,41,5-Axis-Lathe-03,0.1,1,12546.84,Evening,97.8,2026,2026-01,Friday,Low,Low,High
PRD-1045,2026-01-23,Detroit Advanced Plant,PRD-107,High-Pressure Valve Assembly,Industrial,208,5-Axis-Lathe-03,2.1,6,16976.77,Morning,91.8,2026,2026-01,Friday,Medium-High,Medium-Low,Medium-Low
PRD-1046,2026-01-24,Nagoya Precision Hub,PRD-105,Micro-Optical LiDAR Sensor,Automotive,44,Robotic-Welder-04,0.0,1,4366.89,Night,98.2,2026,2026-01,Saturday,Low,Low,High
PRD-1047,2026-01-24,Austin GigaWorks,PRD-102,Electric Powertrain Inverter,Automotive,133,CNC-Mill-01,0.4,2,22929.14,Night,97.7,2026,2026-01,Saturday,Medium-Low,Medium-Low,High
PRD-1048,2026-01-25,Nagoya Precision Hub,PRD-104,Carbon Composite Strut,Aerospace,128,EDM-Wire-06,0.1,6,42457.7,Morning,96.0,2026,2026-01,Sunday,Medium-Low,Medium-High,Medium-High
PRD-1049,2026-01-25,Nagoya Precision Hub,PRD-105,Micro-Optical LiDAR Sensor,Automotive,164,Laser-Sinter-05,6.5,14,16396.02,Morning,75.0,2026,2026-01,Sunday,Medium-High,Medium-Low,Low
PRD-1050,2026-01-26,Nagoya Precision Hub,PRD-107,High-Pressure Valve Assembly,Industrial,205,Robotic-Welder-04,7.4,19,17298.73,Night,71.9,2026,2026-01,Monday,Medium-High,Medium-Low,Low
PRD-1051,2026-01-26,Nagoya Precision Hub,PRD-105,Micro-Optical LiDAR Sensor,Automotive,108,Robotic-Welder-04,0.0,4,10556.17,Evening,97.0,2026,2026-01,Monday,Medium-Low,Low,Medium-High
PRD-1052,2026-01-27,Stuttgart Facility,PRD-104,Carbon Composite Strut,Aerospace,165,EDM-Wire-06,3.6,8,54317.67,Morning,86.0,2026,2026-01,Tuesday,Medium-High,High,Low
PRD-1053,2026-01-27,Stuttgart Facility,PRD-106,High-Torque Planetary Gear,Robotics,58,CNC-Mill-02,0.8,2,8520.2,Morning,95.0,2026,2026-01,Tuesday,Low,Low,Medium-Low
PRD-1054,2026-01-28,Austin GigaWorks,PRD-101,Titanium Turbine Rotor,Aerospace,97,Robotic-Welder-04,0.2,3,45852.29,Night,97.0,2026,2026-01,Wednesday,Low,Medium-High,Medium-High
PRD-1055,2026-01-28,Detroit Advanced Plant,PRD-104,Carbon Composite Strut,Aerospace,218,CNC-Mill-01,2.5,6,66644.5,Evening,90.8,2026,2026-01,Wednesday,High,High,Low
PRD-1056,2026-01-29,Stuttgart Facility,PRD-103,Precision Hydraulic Actuator,Robotics,240,CNC-Mill-01,1.3,7,50660.7,Evening,94.0,2026,2026-01,Thursday,High,High,Medium-Low
PRD-1057,2026-01-29,Austin GigaWorks,PRD-108,Silicon Carbide Power Module,Industrial,205,Laser-Sinter-05,0.3,7,52869.56,Night,96.4,2026,2026-01,Thursday,Medium-High,High,Medium-High
PRD-1058,2026-01-30,Austin GigaWorks,PRD-107,High-Pressure Valve Assembly,Industrial,247,Robotic-Welder-04,1.5,7,18162.04,Evening,93.5,2026,2026-01,Friday,High,Medium-Low,Medium-Low
PRD-1059,2026-01-30,Austin GigaWorks,PRD-105,Micro-Optical LiDAR Sensor,Automotive,231,CNC-Mill-01,0.1,7,21542.28,Night,97.3,2026,2026-01,Friday,High,Medium-Low,Medium-High
PRD-1060,2026-01-31,Stuttgart Facility,PRD-104,Carbon Composite Strut,Aerospace,104,CNC-Mill-02,5.3,13,31601.72,Evening,75.2,2026,2026-01,Saturday,Medium-Low,Medium-High,Low
PRD-1061,2026-01-31,Austin GigaWorks,PRD-103,Precision Hydraulic Actuator,Robotics,215,Robotic-Welder-04,0.0,5,46969.59,Morning,98.1,2026,2026-01,Saturday,High,Medium-High,High
PRD-1062,2026-02-01,Austin GigaWorks,PRD-107,High-Pressure Valve Assembly,Industrial,134,Robotic-Welder-04,0.7,4,10540.2,Morning,95.7,2026,2026-02,Sunday,Medium-Low,Low,Medium-Low
PRD-1063,2026-02-01,Stuttgart Facility,PRD-105,Micro-Optical LiDAR Sensor,Automotive,227,Robotic-Welder-04,2.4,11,23117.67,Morning,89.4,2026,2026-02,Sunday,High,Medium-Low,Low
PRD-1064,2026-02-02,Austin GigaWorks,PRD-107,High-Pressure Valve Assembly,Industrial,159,EDM-Wire-06,0.0,3,12381.59,Morning,98.5,2026,2026-02,Monday,Medium-Low,Low,High
PRD-1065,2026-02-02,Detroit Advanced Plant,PRD-103,Precision Hydraulic Actuator,Robotics,194,CNC-Mill-01,0.8,9,43926.06,Night,94.0,2026,2026-02,Monday,Medium-High,Medium-High,Medium-Low
PRD-1066,2026-02-03,Stuttgart Facility,PRD-103,Precision Hydraulic Actuator,Robotics,256,Robotic-Welder-04,1.6,2,56471.65,Evening,94.9,2026,2026-02,Tuesday,High,High,Medium-Low
PRD-1067,2026-02-03,Detroit Advanced Plant,PRD-107,High-Pressure Valve Assembly,Industrial,106,Robotic-Welder-04,1.7,4,8017.22,Morning,92.2,2026,2026-02,Tuesday,Medium-Low,Low,Medium-Low
PRD-1068,2026-02-04,Detroit Advanced Plant,PRD-101,Titanium Turbine Rotor,Aerospace,278,CNC-Mill-01,0.4,10,131598.19,Morning,96.0,2026,2026-02,Wednesday,High,High,Medium-High
PRD-1069,2026-02-04,Stuttgart Facility,PRD-101,Titanium Turbine Rotor,Aerospace,194,Robotic-Welder-04,0.0,2,90532.69,Night,99.2,2026,2026-02,Wednesday,Medium-High,High,High
PRD-1070,2026-02-05,Stuttgart Facility,PRD-106,High-Torque Planetary Gear,Robotics,77,5-Axis-Lathe-03,7.7,15,12171.71,Morning,65.0,2026,2026-02,Thursday,Low,Low,Low
PRD-1071,2026-02-05,Austin GigaWorks,PRD-101,Titanium Turbine Rotor,Aerospace,272,EDM-Wire-06,3.3,10,131922.45,Morning,87.8,2026,2026-02,Thursday,High,High,Low
PRD-1072,2026-02-06,Detroit Advanced Plant,PRD-104,Carbon Composite Strut,Aerospace,61,Laser-Sinter-05,6.2,10,20390.61,Morning,69.5,2026,2026-02,Friday,Low,Medium-Low,Low
PRD-1073,2026-02-06,Austin GigaWorks,PRD-107,High-Pressure Valve Assembly,Industrial,204,Robotic-Welder-04,5.0,6,15813.71,Morning,83.6,2026,2026-02,Friday,Medium-High,Medium-Low,Low
PRD-1074,2026-02-07,Stuttgart Facility,PRD-106,High-Torque Planetary Gear,Robotics,197,EDM-Wire-06,2.0,5,26989.53,Night,92.4,2026,2026-02,Saturday,Medium-High,Medium-High,Medium-Low
PRD-1075,2026-02-07,Austin GigaWorks,PRD-105,Micro-Optical LiDAR Sensor,Automotive,192,EDM-Wire-06,5.6,14,19146.47,Night,78.5,2026,2026-02,Saturday,Medium-High,Medium-Low,Low
PRD-1076,2026-02-08,Austin GigaWorks,PRD-106,High-Torque Planetary Gear,Robotics,253,CNC-Mill-02,0.0,13,34933.35,Evening,95.9,2026,2026-02,Sunday,High,Medium-High,Medium-High
PRD-1077,2026-02-08,Stuttgart Facility,PRD-107,High-Pressure Valve Assembly,Industrial,121,5-Axis-Lathe-03,0.0,5,8835.78,Evening,96.7,2026,2026-02,Sunday,Medium-Low,Low,Medium-High
PRD-1078,2026-02-09,Stuttgart Facility,PRD-105,Micro-Optical LiDAR Sensor,Automotive,260,CNC-Mill-01,0.2,12,25273.64,Morning,95.7,2026,2026-02,Monday,High,Medium-High,Medium-Low
PRD-1079,2026-02-09,Austin GigaWorks,PRD-107,High-Pressure Valve Assembly,Industrial,160,Robotic-Welder-04,0.5,3,12202.71,Morning,97.1,2026,2026-02,Monday,Medium-Low,Low,Medium-High
PRD-1080,2026-02-10,Nagoya Precision Hub,PRD-105,Micro-Optical LiDAR Sensor,Automotive,91,Robotic-Welder-04,0.1,1,8970.94,Night,98.8,2026,2026-02,Tuesday,Low,Low,High
PRD-1081,2026-02-10,Austin GigaWorks,PRD-106,High-Torque Planetary Gear,Robotics,143,5-Axis-Lathe-03,0.9,4,20042.62,Evening,95.2,2026,2026-02,Tuesday,Medium-Low,Medium-Low,Medium-Low
PRD-1082,2026-02-11,Stuttgart Facility,PRD-104,Carbon Composite Strut,Aerospace,65,CNC-Mill-02,1.1,1,21220.48,Morning,95.7,2026,2026-02,Wednesday,Low,Medium-Low,Medium-Low
PRD-1083,2026-02-11,Nagoya Precision Hub,PRD-108,Silicon Carbide Power Module,Industrial,105,CNC-Mill-01,0.7,5,27880.94,Morning,94.2,2026,2026-02,Wednesday,Medium-Low,Medium-High,Medium-Low
PRD-1084,2026-02-12,Nagoya Precision Hub,PRD-104,Carbon Composite Strut,Aerospace,127,CNC-Mill-01,0.0,1,40135.26,Morning,99.4,2026,2026-02,Thursday,Medium-Low,Medium-High,High
PRD-1085,2026-02-12,Detroit Advanced Plant,PRD-105,Micro-Optical LiDAR Sensor,Automotive,213,CNC-Mill-01,3.9,8,21671.51,Night,86.1,2026,2026-02,Thursday,Medium-High,Medium-Low,Low
PRD-1086,2026-02-13,Austin GigaWorks,PRD-108,Silicon Carbide Power Module,Industrial,157,CNC-Mill-01,1.0,2,39171.64,Morning,96.2,2026,2026-02,Friday,Medium-Low,Medium-High,Medium-High
PRD-1087,2026-02-13,Nagoya Precision Hub,PRD-108,Silicon Carbide Power Module,Industrial,53,CNC-Mill-01,0.7,2,13446.8,Morning,95.0,2026,2026-02,Friday,Low,Low,Medium-Low
PRD-1088,2026-02-14,Austin GigaWorks,PRD-107,High-Pressure Valve Assembly,Industrial,190,Robotic-Welder-04,1.7,7,15178.47,Evening,92.3,2026,2026-02,Saturday,Medium-High,Medium-Low,Medium-Low
PRD-1089,2026-02-14,Detroit Advanced Plant,PRD-107,High-Pressure Valve Assembly,Industrial,113,CNC-Mill-02,0.3,1,9145.05,Night,98.5,2026,2026-02,Saturday,Medium-Low,Low,High
PRD-1090,2026-02-15,Stuttgart Facility,PRD-105,Micro-Optical LiDAR Sensor,Automotive,204,CNC-Mill-01,0.0,3,19801.69,Evening,98.8,2026,2026-02,Sunday,Medium-High,Medium-Low,High
PRD-1091,2026-02-15,Austin GigaWorks,PRD-108,Silicon Carbide Power Module,Industrial,109,CNC-Mill-01,0.0,2,27964.59,Night,98.5,2026,2026-02,Sunday,Medium-Low,Medium-High,High
PRD-1092,2026-02-16,Stuttgart Facility,PRD-105,Micro-Optical LiDAR Sensor,Automotive,236,Robotic-Welder-04,3.6,8,24074.06,Morning,87.2,2026,2026-02,Monday,High,Medium-High,Low
PRD-1093,2026-02-16,Detroit Advanced Plant,PRD-104,Carbon Composite Strut,Aerospace,200,CNC-Mill-02,0.0,4,60046.42,Evening,98.4,2026,2026-02,Monday,Medium-High,High,High
PRD-1094,2026-02-17,Nagoya Precision Hub,PRD-105,Micro-Optical LiDAR Sensor,Automotive,147,Laser-Sinter-05,0.0,5,14537.08,Night,97.3,2026,2026-02,Tuesday,Medium-Low,Medium-Low,Medium-High
PRD-1095,2026-02-17,Nagoya Precision Hub,PRD-108,Silicon Carbide Power Module,Industrial,55,CNC-Mill-01,0.2,2,14974.5,Morning,96.5,2026,2026-02,Tuesday,Low,Medium-Low,Medium-High
PRD-1096,2026-02-18,Stuttgart Facility,PRD-101,Titanium Turbine Rotor,Aerospace,230,Robotic-Welder-04,9.5,19,100006.32,Night,66.8,2026,2026-02,Wednesday,High,High,Low
PRD-1097,2026-02-18,Austin GigaWorks,PRD-108,Silicon Carbide Power Module,Industrial,269,CNC-Mill-01,0.0,14,70406.15,Evening,95.8,2026,2026-02,Wednesday,High,High,Medium-Low
PRD-1098,2026-02-19,Austin GigaWorks,PRD-107,High-Pressure Valve Assembly,Industrial,120,EDM-Wire-06,3.3,1,9134.17,Evening,90.1,2026,2026-02,Thursday,Medium-Low,Low,Low
PRD-1099,2026-02-19,Nagoya Precision Hub,PRD-107,High-Pressure Valve Assembly,Industrial,243,5-Axis-Lathe-03,0.5,2,17582.39,Morning,97.9,2026,2026-02,Thursday,High,Medium-Low,High
PRD-1100,2026-02-20,Nagoya Precision Hub,PRD-101,Titanium Turbine Rotor,Aerospace,203,Laser-Sinter-05,0.0,6,87426.2,Evening,97.6,2026,2026-02,Friday,Medium-High,High,High
PRD-1101,2026-02-20,Nagoya Precision Hub,PRD-108,Silicon Carbide Power Module,Industrial,229,Robotic-Welder-04,0.0,4,57577.07,Night,98.6,2026,2026-02,Friday,High,High,High
PRD-1102,2026-02-21,Stuttgart Facility,PRD-102,Electric Powertrain Inverter,Automotive,42,5-Axis-Lathe-03,3.7,1,7861.18,Night,87.7,2026,2026-02,Saturday,Low,Low,Low
PRD-1103,2026-02-21,Detroit Advanced Plant,PRD-107,High-Pressure Valve Assembly,Industrial,58,EDM-Wire-06,0.0,2,4196.66,Morning,97.2,2026,2026-02,Saturday,Low,Low,Medium-High
PRD-1104,2026-02-22,Austin GigaWorks,PRD-105,Micro-Optical LiDAR Sensor,Automotive,165,CNC-Mill-02,2.7,4,16198.46,Evening,90.5,2026,2026-02,Sunday,Medium-High,Medium-Low,Low
PRD-1105,2026-02-22,Stuttgart Facility,PRD-103,Precision Hydraulic Actuator,Robotics,133,CNC-Mill-01,0.0,4,30635.75,Evening,97.6,2026,2026-02,Sunday,Medium-Low,Medium-High,High
PRD-1106,2026-02-23,Nagoya Precision Hub,PRD-106,High-Torque Planetary Gear,Robotics,274,Laser-Sinter-05,2.9,5,36802.79,Night,90.4,2026,2026-02,Monday,High,Medium-High,Low
PRD-1107,2026-02-23,Austin GigaWorks,PRD-108,Silicon Carbide Power Module,Industrial,256,Robotic-Welder-04,0.0,8,66218.29,Evening,97.5,2026,2026-02,Monday,High,High,High
PRD-1108,2026-02-24,Nagoya Precision Hub,PRD-104,Carbon Composite Strut,Aerospace,181,EDM-Wire-06,3.2,8,56684.82,Evening,87.5,2026,2026-02,Tuesday,Medium-High,High,Low
PRD-1109,2026-02-24,Stuttgart Facility,PRD-107,High-Pressure Valve Assembly,Industrial,133,Robotic-Welder-04,0.2,6,10345.76,Morning,95.8,2026,2026-02,Tuesday,Medium-Low,Low,Medium-Low
PRD-1110,2026-02-25,Austin GigaWorks,PRD-106,High-Torque Planetary Gear,Robotics,257,CNC-Mill-01,0.0,12,34647.39,Night,96.3,2026,2026-02,Wednesday,High,Medium-High,Medium-High
PRD-1111,2026-02-25,Nagoya Precision Hub,PRD-107,High-Pressure Valve Assembly,Industrial,257,5-Axis-Lathe-03,1.0,3,19607.68,Night,96.3,2026,2026-02,Wednesday,High,Medium-Low,Medium-High
PRD-1112,2026-02-26,Austin GigaWorks,PRD-107,High-Pressure Valve Assembly,Industrial,201,5-Axis-Lathe-03,0.0,4,15642.82,Night,98.4,2026,2026-02,Thursday,Medium-High,Medium-Low,High
PRD-1113,2026-02-26,Nagoya Precision Hub,PRD-108,Silicon Carbide Power Module,Industrial,258,CNC-Mill-02,0.3,9,65809.29,Night,96.4,2026,2026-02,Thursday,High,High,Medium-High
PRD-1114,2026-02-27,Stuttgart Facility,PRD-107,High-Pressure Valve Assembly,Industrial,60,EDM-Wire-06,4.4,2,4861.8,Evening,85.0,2026,2026-02,Friday,Low,Low,Low
PRD-1115,2026-02-27,Stuttgart Facility,PRD-101,Titanium Turbine Rotor,Aerospace,118,CNC-Mill-02,2.1,2,53284.53,Night,92.8,2026,2026-02,Friday,Medium-Low,High,Medium-Low
PRD-1116,2026-02-28,Stuttgart Facility,PRD-103,Precision Hydraulic Actuator,Robotics,78,Robotic-Welder-04,0.0,2,17155.38,Night,97.9,2026,2026-02,Saturday,Low,Medium-Low,High
PRD-1117,2026-02-28,Austin GigaWorks,PRD-104,Carbon Composite Strut,Aerospace,153,5-Axis-Lathe-03,0.9,4,49278.17,Night,95.4,2026,2026-02,Saturday,Medium-Low,High,Medium-Low
PRD-1118,2026-03-01,Austin GigaWorks,PRD-103,Precision Hydraulic Actuator,Robotics,53,EDM-Wire-06,0.1,1,11979.64,Evening,98.2,2026,2026-03,Sunday,Low,Low,High
PRD-1119,2026-03-01,Austin GigaWorks,PRD-105,Micro-Optical LiDAR Sensor,Automotive,85,Laser-Sinter-05,0.8,4,7879.21,Evening,94.0,2026,2026-03,Sunday,Low,Low,Medium-Low
